Game_title,Game_ID,Min_players,Max_players,Playing_time,Year_published,Item_type,Publisher,Language,Rent_price,Price,Tournament_game
1944: Race to the Rhine,148601,1,3,90,2014,standalone,,,20,200,0.0
1989: Jesień Narodów,26997,2,2,150,2013,standalone,Bard Centrum Gier,Polish,10,100,0.0
5 sekund bez cenzury,240223,3,30,60,2017,standalone,Trefl,Polish,8,80,0.0
5 sekund edycja specjalna,279052,3,6,0,2015,standalone,Trefl,Polish,8,80,0.0
5 Sekund Junior,261307,3,99,0,2014,standalone,Trefl,Polish,8,80,0.0
7 Cudów Świata,68448,2,7,30,2011,standalone,Rebel Sp. z o.o.,Polish,15,150,1.0
7 Cudów Świata (Druga Edycja),316377,3,7,30,2020,standalone,Rebel Sp. z o.o.; Repos Production,Polish,20,200,0.0
7 Cudów Świata: Armada,247315,3,7,40,2018,expansion,Rebel Sp. z o.o.,Polish,10,100,0.0
7 Cudów Świata: Pojedynek,173346,2,2,30,2015,standalone,Rebel Sp. z o.o.; Repos Production,Polish,12,120,0.0
7 Cudów Świata: Pojedynek – Panteon,202976,2,2,30,2016,expansion,Rebel Sp. z o.o.; Repos Production,Polish,8,80,0.0
7 Ronin,154173,2,2,30,2013,standalone,Badger's Nest,Polish,10,100,0.0
7 Słów,208480,1,6,20,2020,standalone,Formal Ferret Games; FoxGames,Polish,8,80,0.0
7 złotych miast,281020,2,4,20,2021,standalone,Nasza Księgarnia,Polish,8,80,0.0
Abominacja: Dziedzictwo Frankensteina,239472,2,4,180,2019,standalone,Rebel Sp. z o.o.,Polish,20,200,0.0
Abyss,155987,2,4,60,2014,standalone,Bombyx; Rebel Sp. z o.o.,Polish,17,170,0.0
Abyss: Kraken,180341,2,4,60,2015,expansion,Rebel Sp. z o.o.,Polish,9,90,0.0
Abyss: Lewiatan,232197,2,5,60,2018,expansion,Rebel Sp. z o.o.,Polish,9,90,0.0
Aeon's End,191189,1,4,60,2018,standalone,Portal Games; Indie Boards & Cards,Polish,16,160,0.0
Agricola,31260,1,5,150,2008,standalone,Lacerta; Lookout Games,Polish,20,200,0.0
Alchemicy,161970,2,4,120,2015,standalone,Rebel Sp. z o.o.,Polish,15,150,0.0
Alias Kobiety vs Mężczyźni,204138,4,0,60,2016,standalone,Tactic,Polish,10,100,0.0
Altiplano,234487,2,5,120,2018,standalone,Baldar; dlp games,Polish,20,200,0.0
Altiplano: Podróżnik,257047,2,5,120,2018,expansion,Baldar; dlp games,Polish,10,100,0.0
Amazonia,295607,1,4,30,2021,standalone,Lucky Duck Games,Polish,8,80,0.0
Amazonki,206915,3,10,15,2018,standalone,Lucrum Games,Polish,8,80,0.0
Ankh: Bogowie Egiptu,285967,2,5,90,2022,standalone,Portal Games,Polish,50,500,0.0
Apacze i Komancze,21287,2,4,90,2014,standalone,Egmont Polska,Polish,10,100,0.0
Aquatica,283393,1,4,60,2021,standalone,Portal Games; Cosmodrome Games,Polish,15,150,0.0
Aquatica: Mroźne Wody,300872,1,5,60,2021,expansion,Portal Games; Cosmodrome Games,Polish,10,100,0.0
Arboretum,140934,2,4,30,2019,standalone,Rebel Sp. z o.o.; Renegade Game Studios,Polish,8,80,0.0
Architekci Zachodniego Królestwa,236457,1,5,80,2019,standalone,Portal Games,Polish,15,150,0.0
Arkana Magii,309408,1,6,60,2022,standalone,Grey Fox Games; Portal Games,Polish,15,150,0.0
Atak Zombie,170344,2,4,60,2014,standalone,FoxGames,Polish,15,150,0.0
AuZtralia,231581,1,4,120,2018,standalone,PHALANX,Polish,25,250,0.0
Awanturnicy: Świątynia boga Chaca,43868,2,6,45,2010,standalone,Axel,Polish,15,150,0.0
Axis & Allies: Europe 1940,61692,2,6,360,2010,standalone,Avalon Hill,English,20,200,0.0
Azul,230802,2,4,45,2018,standalone,Lacerta; Next Move Games,Polish,20,200,0.0
Azul: Letni Pawilon,287954,2,4,45,2020,standalone,Lacerta; Next Move Games,Polish,20,200,0.0
Azul: Ogród Królowej,346965,2,4,60,2022,standalone,Lacerta; Next Move Games,Polish,20,200,0.0
Azul: Witraże Sintry,256226,2,4,45,2019,standalone,Lacerta; Next Move Games,Polish,20,200,0.0
Bąbelsy,192343,1,2,20,2017,standalone,Rebel Sp. z o.o.,Polish,8,80,0.0
Bag of Chips,344114,2,5,20,2021,standalone,,,8,80,0.0
BANG!,3955,4,7,40,2012,standalone,Bard Centrum Gier; DV Games,Polish,10,100,0.0
BANG! Pojedynek,182094,2,2,30,2016,standalone,Bard Centrum Gier,Polish,10,100,0.0
Barrage,251247,1,4,120,2020,standalone,Portal Games,Polish,35,350,0.0
Barrage: 5-Player Expansion,304453,1,5,120,2020,expansion,,,15,150,0.0
Barrage: Projekt Leeghwatera,263711,1,4,120,2020,expansion,Portal Games,Polish,15,150,0.0
BazgROLL,300094,2,6,25,2020,standalone,FoxGames,Polish,10,100,0.0
Beez,299592,2,4,45,2021,standalone,Next Move Games; Rebel Sp. z o.o.,Polish,10,100,0.0
Black Mirror: NOSEDIVE,265316,3,6,0,2019,standalone,Rebel Sp. z o.o.,Polish,10,100,0.0
Blackout: Hong Kong,262215,1,4,150,2019,standalone,Lacerta,Polish,15,150,0.0
Blood Rage,170216,2,4,90,2016,standalone,Portal Games,Polish,50,500,0.0
Bloodborne: Gra Planszowa,273330,1,4,75,2021,standalone,CMON Global Limited; Portal Games,Polish,60,600,0.0
Boarding,230200,1,4,40,2020,standalone,Nasza Księgarnia; Randomskill Games,Polish,8,80,0.0
Bon Appetit!,270632,2,4,20,2019,standalone,Strawberry Studio,English,8,80,0.0
Bonaparte,27372,2,6,180,2006,standalone,,,8,80,0.0
Bonfire,304420,1,4,100,2021,standalone,Portal Games,Polish,20,200,0.0
Boonlake,343905,1,4,160,2022,standalone,Lacerta,Polish,20,200,0.0
Bór,332386,2,4,90,2022,standalone,Pandasaurus Games; Portal Games,Polish,15,150,0.0
Boss Monster: gra karciana o budowaniu podziemi,131835,2,4,30,2015,standalone,Trefl Joker Line,Polish,10,100,0.0
Botanik,271529,2,2,30,2021,standalone,Rebel Sp. z o.o.,Polish,10,100,0.0
Boże Igrzysko: Magnaci,155025,2,5,90,2014,standalone,PHALANX,Polish,20,200,0.0
Brass: Birmingham,224517,2,4,120,2021,standalone,PHALANX; Roxley,Polish,30,300,0.0
Brass: Lancashire,28720,2,4,120,2019,standalone,PHALANX,Polish,30,300,0.0
Broom Service: Szalone czarownice,172308,2,5,75,2016,standalone,alea; Ravensburger,Polish,10,100,0.0
Brzdęk! W! Kosmosie!: Raban w próżni,233371,2,4,90,2020,standalone,Lucrum Games,Polish,25,250,0.0
Brzdęk! W! Kosmosie!: Stacja Kosmiczna 11,286265,2,4,60,2020,expansion,Lucrum Games,Polish,10,100,0.0
Brzdęk!: Nie drażnij smoka,201808,2,4,60,2020,standalone,Lucrum Games,Polish,25,250,0.0
Brzdęk!: Wesoła kompania,308918,2,6,120,2021,expansion,Dire Wolf; Lucrum Games; Renegade Game Studios,Polish,10,100,0.0
"Buła, Pizza, Kot, Ser, Koza",253664,2,8,30,2020,standalone,Rebel Sp. z o.o.,Polish,8,80,0.0
Calico,283155,1,4,45,2020,standalone,Alderac Entertainment Group; Flatout Games; Lucky Duck Games,Polish,15,150,0.0
Carcassonne,822,2,5,45,2015,standalone,Bard Centrum Gier; MINDOK,Polish,10,100,1.0
Carcassonne: Gorączka Złota,163370,2,5,35,2015,standalone,Bard Centrum Gier; MINDOK,Polish,15,150,0.0
Catan: Big Box,182880,3,6,90,2015,standalone,,,25,250,0.0
Catan: Dodatek dla 5-6 graczy,2807,5,6,120,2015,expansion,Galakta,Polish,8,80,0.0
Catan: Edycja jubileuszowa,298278,3,4,120,2020,standalone,Galakta; KOSMOS,Polish,15,150,0.0
Caylus 1303,284818,2,5,90,2020,standalone,Rebel Sp. z o.o.,Polish,15,150,0.0
Chytrogród,266936,3,5,60,2019,standalone,Hexy Studio; Lucrum Games,Polish,15,150,0.0
Ciężarówką przez Galaktykę,336794,2,4,30,2021,standalone,Czech Games Edition; Rebel Sp. z o.o.,Polish,14,140,0.0
Claim,233961,2,2,25,2017,standalone,White Goblin Games,Dutch; English; French; German,8,80,0.0
Claim 2,249763,2,2,25,2019,standalone,Czacha Games,Polish,8,80,0.0
Clash of Cultures: Monumentalna Edycja Polska,299659,2,4,240,2021,standalone,Portal Games,Polish,60,600,0.0
Clue: Game of Thrones,198328,2,6,60,2016,standalone,,,15,150,0.0
Cluedo,1294,2,6,45,0,standalone,Parker Brothers,Polish,15,150,0.0
Coatl,274841,1,4,60,2021,standalone,Portal Games; Synapses Games,Polish,15,150,0.0
Colt Express,158899,2,6,40,2015,standalone,Rebel Sp. z o.o.,Polish,15,150,0.0
Colt Express: Szeryf i więźniowie,191865,3,8,40,2016,expansion,Rebel Sp. z o.o.,Polish,10,100,0.0
Cooper Island,269511,1,4,120,2021,standalone,Portal Games,Polish,25,250,0.0
Cortex 2,237629,2,6,15,2018,standalone,Rebel Sp. z o.o.,Polish,8,80,0.0
Cortex Niegrzeczny,282485,2,6,20,2019,standalone,Rebel Sp. z o.o.,Polish,8,80,0.0
Cortex Wyzwania,206175,2,6,15,2017,standalone,Rebel Sp. z o.o.,Polish,8,80,0.0
CO₂,72225,1,5,120,2013,standalone,Lacerta,Polish,20,200,0.0
Craftsmen,145219,2,5,180,2013,standalone,G3,English; German; Polish,10,100,0.0
Cthulhu: Death May Die,253344,1,5,120,2020,standalone,Portal Games; CMON Global Limited,Polish,40,400,0.0
Cyklady,54998,2,5,90,2011,standalone,Rebel Sp. z o.o.,Polish,20,200,0.0
Cyklady: Hades,96778,2,5,90,2014,expansion,Rebel Sp. z o.o.,Polish,10,100,0.0
Cytadela,205398,2,8,60,2018,standalone,Galakta,Polish,10,100,0.0
Cywilizacja: Poprzez Wieki,182028,2,4,120,2015,standalone,Rebel Sp. z o.o.,Polish,20,200,0.0
Czerwona Katedra,227224,1,4,80,2021,standalone,Portal Games,Polish,15,150,0.0
Czółko,236302,2,8,45,2017,standalone,2 Pionki; Portal Games,Polish,8,80,0.0
Czółko: Bez Cenzury,286920,2,8,30,2019,standalone,2 Pionki; Portal Games,Polish,8,80,0.0
Daj namiar,300753,2,6,10,2021,standalone,Blue Orange (EU); Rebel Sp. z o.o.,Polish,8,80,0.0
Dark Souls: The Card Game,242667,1,4,60,2021,standalone,Portal Games,Polish,20,200,0.0
DC Batman Metal,301665,2,5,75,2021,standalone,Cryptozoic Entertainment; Egmont Polska,Polish,15,150,0.0
DC Strażnicy. Dodatek do gry Pojedynek Superbohaterów DC,175465,2,5,70,2019,expansion,Egmont Polska,Polish,15,150,0.0
DC Wieczne Zło,155463,2,5,75,2020,standalone,Cryptozoic Entertainment; Egmont Polska,Polish,15,150,0.0
Deadwood: Miasto Bezprawia,96713,2,5,60,2011,standalone,Galakta,Polish,10,100,0.0
Decipher,285570,2,4,30,2021,standalone,FoxGames; HeidelBÄR Games,Polish,10,100,0.0
Decrypto,225694,3,8,45,2018,standalone,2 Pionki; Portal Games; Le Scorpion Masqué,Polish,10,100,0.0
Decrypto: Napęd CD,273938,3,8,45,2020,expansion,Portal Games,Polish,5,50,0.0
Detektyw pozytywka na tropie,7483,2,5,20,2017,standalone,Nasza Księgarnia,Polish,8,80,0.0
Detektyw: Kryminalna gra planszowa,223321,1,5,180,2018,standalone,Portal Games,Polish,15,150,0.0
Detektyw: Kryminalna Gra Planszowa – Sezon 1,293531,1,5,120,2020,standalone,Portal Games,Polish,10,100,0.0
Detektyw: Seria Sygnowana – Drugie Dno,299442,1,5,120,2020,expansion,Portal Games,Polish,10,100,0.0
Dice Settlers,230267,1,4,60,2019,standalone,Board&Dice,English,15,150,0.0
Dig Your Way Out,266504,2,6,45,2019,standalone,Borderline Editions,English; French,20,200,0.0
Dinosaur World,317457,2,4,120,2021,standalone,Pandasaurus Games,English,25,250,0.0
Disney Villainous,256382,2,6,50,2018,standalone,Wonder Forge,English,15,150,0.0
Diuna: Imperium,316554,1,4,120,2021,standalone,Dire Wolf; Lucky Duck Games,Polish,20,200,0.0
Dixit,39856,3,8,30,2014,standalone,Libellud; Rebel Sp. z o.o.,Polish,15,150,1.0
Dixit Odyseja,92828,3,12,30,2014,standalone,Rebel Sp. z o.o.,Polish,15,150,0.0
Dobble,63268,2,8,15,2011,standalone,Rebel Sp. z o.o.,Polish,8,80,0.0
Dobble Harry Potter,63268,2,8,15,2019,standalone,Asmodee,English; Hungarian,8,80,0.0
Draftozaur,264055,2,5,15,2020,standalone,Nasza Księgarnia,Polish,8,80,0.0
Drako,102237,2,2,30,2011,standalone,Rebel Sp. z o.o.,English; Polish,10,100,0.0
Drako: Rycerze i Trolle,284982,2,2,30,2019,standalone,Rebel Sp. z o.o.,Polish,10,100,0.0
Drako: Smok i Krasnoludy,102237,2,2,30,2019,standalone,Rebel Sp. z o.o.,Polish,10,100,0.0
Dreadful Circus,329714,4,8,40,2021,standalone,Portal Games,Polish,12,120,0.0
Dungeon Saga: Grobowiec Króla Krasnoludów,160081,2,5,120,2015,standalone,Bard Centrum Gier,Polish,25,250,0.0
Dwa-lam-bury,272242,4,18,30,2019,standalone,FoxGames,Polish,8,80,0.0
Dylemat wagonika,282171,3,13,90,2020,standalone,Rebel Sp. z o.o.,Polish,10,100,0.0
Dylematy 2,308263,4,15,0,2020,standalone,Rebel Sp. z o.o.,Polish,8,80,0.0
Dżem dobry,275467,2,6,45,2019,standalone,Czech Games Edition; Rebel Sp. z o.o.,Polish,8,80,0.0
ego,39564,2,6,45,2015,standalone,Trefl,Polish,10,100,0.0
Eksplodujące kotki,172225,2,5,15,2017,standalone,Rebel Sp. z o.o.,Polish,10,100,0.0
Ekspresłówka,169436,1,10,15,2019,standalone,Advance Games Co.; Rebel Sp. z o.o.,Polish,8,80,0.0
Eldritch Horror,146021,1,8,240,2014,standalone,Fantasy Flight Games; Galakta,Polish,22,220,0.0
Elementum,238136,1,4,30,2018,standalone,Quantum Games (II),Polish,8,80,0.0
Escape Room: Atak na Londyn,230498,1,6,60,2018,standalone,FoxGames,Polish,8,80,0.0
Escape Room: Magiczna sztuczka,267735,1,6,60,2019,standalone,FoxGames,Polish,8,80,0.0
Escape Room: Podróż w czasie,218311,1,6,90,2018,standalone,FoxGames,Polish,8,80,0.0
Escape Room: Skarb Czarnobrodego,295571,2,6,90,2021,standalone,FoxGames,Polish,8,80,0.0
Escape Room: Tajemnica Eldorado,258451,1,6,90,2019,standalone,FoxGames,Polish,8,80,0.0
Escape Tales: Dzieci Żmijowego Lasu,299800,1,4,450,2021,standalone,Portal Games,Polish,17,170,0.0
Escape Tales: Low Memory,282291,1,4,540,2020,standalone,Portal Games,Polish,11,110,0.0
Escape Tales: Rytuał przebudzenia,253214,1,4,360,2018,standalone,Board&Dice; Lockme,Polish,10,100,0.0
Ethnos,206718,2,6,60,2018,standalone,Portal Games,Polish,16,160,0.0
Eurobusiness,42050,2,5,90,1983,standalone,Labo Market,Polish,8,80,0.0
Europa w 10 dni,5867,2,4,30,2020,standalone,Rebel Sp. z o.o.,Polish,8,80,0.0
Europe Divided,260147,2,2,75,2020,standalone,PHALANX,Polish,25,250,0.0
Everdell,199792,1,4,80,2020,standalone,Rebel Sp. z o.o.,Polish,25,250,0.0
Everdell: Święto Lata,289057,1,6,120,2020,expansion,Rebel Sp. z o.o.; Starling Games (II),Polish,15,150,0.0
Everdell: Zimowy szczyt (edycja kolekcjonerska),319419,1,4,100,2020,expansion,Rebel Sp. z o.o.; Starling Games (II),Polish,25,250,0.0
Fabryka robotów,181694,2,6,25,2017,standalone,Nasza Księgarnia,Polish,8,80,0.0
Fallout Shelter: Gra planszowa,293889,2,4,90,2020,standalone,Rebel Sp. z o.o.,Polish,16,160,0.0
Fired Up,267397,2,5,90,2021,standalone,,,24,240,0.0
Fired Up: The Agility Expansion,331312,2,5,90,2021,expansion,,,8,80,0.0
Flick of Faith,281194,2,4,40,2019,standalone,Awaken Realms Lite,English,17,170,0.0
Food Chain Magnate,175914,2,5,240,2021,standalone,Portal Games,Polish,35,350,0.0
Fort,296912,2,4,40,2020,standalone,Leder Games,English,11,110,0.0
Forum Trajanum,244049,2,4,120,2018,standalone,Games Factory,Polish,23,230,0.0
Fudżi,258308,2,4,45,2019,standalone,Lacerta,Polish,13,130,0.0
Gejsze,158600,2,2,15,2017,standalone,Nasza Księgarnia,Polish,8,80,0.0
Getaway Driver,253719,2,2,45,2019,standalone,Midgard Board Games,Polish,10,100,0.0
Gierki Małżeńskie,191077,2,8,60,2015,standalone,MDR,Polish,14,140,0.0
Gildie Londynu,134157,1,4,90,2016,standalone,Czacha Games,Polish,20,200,0.0
Glory: Droga do chwały,206757,1,4,120,2021,standalone,Strategos Games,Polish,20,200,0.0
God of War: Gra karciana,278120,1,4,180,2021,standalone,Portal Games; CMON Global Limited,Polish,16,160,0.0
The Godfather: Imperium Corleone,195539,2,5,90,2017,standalone,Portal Games,Polish,33,330,0.0
Golem,298383,1,4,120,2022,standalone,Portal Games,Polish,30,300,0.0
Gra na emocjach,148381,2,8,15,2017,standalone,Nasza Księgarnia,Polish,8,80,0.0
Gra o Tron: Gra karciana (druga edycja),169255,2,4,120,2015,standalone,Galakta,Polish,25,250,0.0
Gra o Tron: Gra Planszowa (druga edycja),103343,3,6,240,2011,standalone,Galakta,Polish,25,250,0.0
Gra o Tron: Gra planszowa (druga edycja) – Matka Smoków,257496,3,8,240,2018,expansion,Galakta,Polish,17,170,0.0
Gra o Tron: Gra Planszowa (druga edycja) – Uczta dla Wron,140261,4,4,120,2014,expansion,Galakta,Polish,8,80,0.0
Gra o Tron: Królewski Namiestnik,205610,2,4,30,2017,standalone,Galakta,Polish,8,80,0.0
Gra w kolory,340744,2,2,30,2022,standalone,Nasza Księgarnia,Polish,8,80,0.0
Gra w kotka i pyszczek,321539,2,2,10,2022,standalone,Rebel Sp. z o.o.,Polish,14,140,0.0
Gra z jajem,280203,2,8,20,2021,standalone,Muduko,Polish,8,80,0.0
Great Western Trail,193738,2,4,150,2017,standalone,Lacerta,Polish,25,250,0.0
Great Western Trail (Drugie wydanie),341169,1,4,150,2022,standalone,Lacerta,Polish,25,250,0.0
Great Western Trail: Kolej na Północ,245744,2,4,150,2018,expansion,Lacerta,Polish,12,120,0.0
Gremlins Inc,182214,2,6,60,2018,standalone,Czacha Games,Polish,10,100,0.0
Gretchiny!,239951,2,4,20,2018,standalone,Black Monk; Devir,Polish,13,130,0.0
Gùgōng,250458,1,5,90,2018,standalone,Games Factory,Polish,19,190,0.0
Głębia,5716,2,2,30,2019,standalone,Nasza Księgarnia,Polish,8,80,0.0
Harry Potter: Hogwarts Battle,199042,2,4,60,2019,standalone,Rebel Sp. z o.o.,Polish,21,210,0.0
Herbatka dla dwojga,294448,2,2,30,2020,standalone,Rebel Sp. z o.o.,Polish,8,80,0.0
Hexx,174696,2,5,30,2016,standalone,FoxGames,Polish,8,80,0.0
HINT,165628,4,10,60,2014,standalone,,,8,80,0.0
Hippocrates,327971,1,4,120,2022,standalone,Game Brewer,English,25,250,0.0
Homeland: The Game,160968,3,6,90,2015,standalone,"Battlefront Miniatures Ltd; Gale Force Nine, LLC",English,20,200,0.0
Hook!,147685,3,6,30,2014,standalone,Lacerta,Polish,8,80,0.0
Horrified,282524,1,5,60,2022,standalone,Ravensburger,Polish,25,250,0.0
Hotel Samoa,63740,3,6,60,2010,standalone,Axel,Polish,8,80,0.0
Imperial 2030,54138,2,6,180,2016,standalone,Egmont Polska,Polish,18,180,0.0
Imperial Struggle,206480,2,2,240,2021,standalone,GMT Games; PHALANX,Polish,27,270,0.0
Inis,155821,2,4,90,2018,standalone,Portal Games,Polish,23,230,0.0
Inis: Pory Roku,255588,2,5,90,2019,expansion,Portal Games,Polish,15,150,0.0
Ishtar: Ogrody Babilonu,271088,2,4,45,2020,standalone,Portal Games,Polish,17,170,0.0
Istanbul: Big Box,251219,2,5,90,2018,standalone,,,22,220,0.0
Istanbul: Gra kościana,235488,2,4,40,2017,standalone,2 Pionki; Portal Games,Polish,12,120,0.0
Jaipur,54043,2,2,30,2015,standalone,GameWorks SàRL; Rebel Sp. z o.o.,Polish,9,90,0.0
Jaipur,54043,2,2,30,2020,standalone,Rebel Sp. z o.o.,Polish,9,90,0.0
Jaskinia,129351,2,5,60,2012,standalone,Rebel Sp. z o.o.,Polish,13,130,0.0
Jednym słowem,254640,3,7,60,2018,standalone,Rebel Sp. z o.o.,Polish,9,90,0.0
Jenga,2452,1,8,20,2012,standalone,Hasbro,English; French; Portuguese; Spanish,10,100,0.0
Jukatan,32996,2,4,60,2008,standalone,Wolf Fang P.H.,Polish,8,80,0.0
Jungle Speed,8098,2,10,10,2009,standalone,Rebel Sp. z o.o.,Polish,9,90,0.0
Jungle Speed Kids,274651,2,6,30,2018,standalone,,,9,90,0.0
K2,73761,1,5,60,2019,standalone,Rebel Sp. z o.o.,English; Polish,13,130,0.0
Kamienna Mandala,317504,2,4,30,2021,standalone,Board&Dice; Lucrum Games,Polish,13,130,0.0
Kanagawa,200147,2,4,45,2017,standalone,2 Pionki; IELLO,Polish,12,120,0.0
Kanagawa: Yokai,264398,2,4,45,2019,expansion,2 Pionki; Portal Games,Polish,8,80,0.0
Karczma pod pękatym kuflem,269207,2,4,60,2019,standalone,G3,Polish,16,160,0.0
Karmaka,172552,2,4,60,2017,standalone,FoxGames,Polish,8,80,0.0
Kartografowie,263918,1,100,45,2019,standalone,Ogry Games,Polish,8,80,0.0
Karty Dżentelmenów,188347,3,15,120,2015,standalone,(Web published),English; Polish,8,80,0.0
Karty Dżentelmenów: Epizod Drugi,216360,3,15,0,2016,standalone,Kojar,English; Polish,8,80,0.0
Karty Dżentelmenów: Epizod Trzeci,309709,3,15,30,2017,standalone,Kojar,English; Polish,8,80,0.0
Kaskadia,295947,1,4,45,2021,standalone,Lucky Duck Games; Alderac Entertainment Group; Flatout Games,Polish,15,150,0.0
Kemet,127023,2,5,120,2019,standalone,Funiverse,Polish,20,200,0.0
Kemet: Set,254543,3,6,120,2019,expansion,Funiverse,Polish,16,160,0.0
Kemet: Ta-Seti,161842,2,5,90,2019,expansion,Funiverse,Polish,13,130,0.0
Keyflower,122515,2,6,120,2017,standalone,Czacha Games,Polish,18,180,0.0
Keyflower: Farmerzy,144058,2,6,120,2017,expansion,Czacha Games,Polish,11,110,0.0
Keyflower: Kupcy,163572,2,6,90,2017,expansion,Czacha Games,Polish,11,110,0.0
Khôra: Rozkwit Imperium,299684,2,4,75,2021,standalone,Portal Games; IELLO,Polish,23,230,0.0
Kieszonkowe kasyno,296386,2,5,15,2019,standalone,Trefl Joker Line,Polish,8,80,0.0
King of Tokyo: Power Up!,127067,2,6,30,2012,expansion,,,8,80,0.0
Kingdom's Candy: Monsters,276281,2,5,60,2020,standalone,Moria Games,Polish,11,110,0.0
Kingdomino,204583,2,4,25,2019,standalone,FoxGames; Blue Orange (EU),Polish,10,100,0.0
Kingsport Festival,154509,3,5,90,2014,standalone,Black Monk,Polish,15,150,0.0
Kitara,293267,2,4,40,2020,standalone,,,12,120,0.0
Knockdown,313471,2,4,30,2022,standalone,Awaken Realms Lite,English,15,150,0.0
Knockdown: Volume II,322865,2,4,45,2022,standalone,Awaken Realms Lite,English,15,150,0.0
Die Knuffies,314421,2,4,15,2021,standalone,Schmidt Spiele,German,8,80,0.0
Kolejka,85325,2,5,60,2011,standalone,Instytut Pamięci Narodowej (IPN),Polish,10,100,0.0
Kolejka: Ogonek,112109,2,6,60,2013,expansion,Instytut Pamięci Narodowej (IPN),Polish,8,80,0.0
Kolejowy szlak: Płomienna czerwień,251678,1,6,30,2019,standalone,FoxGames,Polish,8,80,0.0
Koncept,147151,4,12,40,2014,standalone,Rebel Sp. z o.o.,Polish,14,140,0.0
Konspiracja: Uniwersum Abyss,276042,2,4,30,2021,standalone,Rebel Sp. z o.o.,Polish,8,80,0.0
Kości Obfitości,231280,2,4,30,2018,standalone,Board&Dice,Polish,8,80,0.0
Kroniki Zachodniego Królestwa,296152,2,6,240,2020,expansion,Garphill Games; Portal Games,Polish,8,80,0.0
Kroniki zbrodni,239188,1,4,90,2018,standalone,FoxGames,Polish,10,100,0.0
Kruki,192074,2,2,30,2019,standalone,Nasza Księgarnia,Polish,8,80,0.0
Kto to zrobił?,241491,3,6,15,2018,standalone,Blue Orange (EU); Rebel Sp. z o.o.,Polish,8,80,0.0
Labirynt słów,257527,4,8,45,2019,standalone,Rebel Sp. z o.o.,Polish,8,80,0.0
Laguna,244331,2,4,45,2019,standalone,Funiverse; Blue Orange (EU),Polish,10,100,0.0
Lamaland,330038,2,4,45,2021,standalone,Lacerta; Lookout Games,Polish,14,140,0.0
Legendy Blue Moon,147154,2,2,30,2014,standalone,Galakta,Polish,17,170,0.0
Leśne duchy,235375,1,4,20,2018,standalone,FoxGames,Polish,8,80,0.0
Letters from Whitechapel: Dear Boss,185354,2,6,120,2016,expansion,Fantasy Flight Games,English,12,120,0.0
Lewis & Clark: The Expedition,140620,1,5,120,2020,standalone,Ludonaute,English,17,170,0.0
Lincoln,246201,2,2,120,2018,standalone,PHALANX,Polish,15,150,0.0
Liski: Ojojanie,277434,1,5,25,2019,standalone,Gindi,Polish,13,130,0.0
List Miłosny (edycja rozszerzona),196326,2,8,30,2017,standalone,Bard Centrum Gier,Polish,8,80,0.0
Listy z Whitechapel,59959,2,6,90,2014,standalone,Galakta,Polish,20,200,0.0
Little Town,241266,2,4,60,2020,standalone,Portal Games; IELLO; Studio GG,Polish,10,100,0.0
Lockup: Opowieści ze świata Roll Player,240855,1,5,90,2021,standalone,Ogry Games,Polish,20,200,0.0
Londyn,236191,2,4,90,2020,standalone,FoxGames,Polish,15,150,0.0
Lutecja,180921,2,5,90,2018,standalone,Lacerta,Polish,9,90,0.0
Die Macher,1,3,5,240,2020,standalone,Portal Games,Polish,23,230,0.0
Mafia: Vendetta,166019,7,17,20,2019,standalone,Rebel Sp. z o.o.,Polish,8,80,0.0
Mafiozoo,217466,2,4,60,2019,standalone,Funiverse,Czech; Polish,13,130,0.0
Mage Knight: Ultimate Edition,248562,1,5,150,2019,standalone,Portal Games,Polish,52,520,0.0
Magia i Myszy,124708,1,4,90,2015,standalone,Cube Factory of Ideas,Polish,34,340,0.0
Magic Maze: Weź i czmychaj,209778,1,8,15,2018,standalone,Lacerta,Polish,13,130,0.0
Mandala,264241,2,2,20,2019,standalone,Rebel Sp. z o.o.,Polish,9,90,0.0
Manhattan,199,2,4,45,2018,standalone,FoxGames,Polish,14,140,0.0
Maracaibo,276025,1,4,120,2020,standalone,Fishbone Games; Game's Up,Polish,26,260,0.0
Martwa Zima: Gra rozdroży,150376,2,5,120,2015,standalone,Cube Factory of Ideas,Polish,22,220,0.0
Marvel United,298047,1,4,40,2021,standalone,CMON Global Limited; Portal Games; Spin Master Ltd.,Polish,20,200,0.0
Marvel: Rękawica Nieskończoności,304285,2,6,15,2020,standalone,Rebel Sp. z o.o.; Z-Man Games,Polish,8,80,0.0
Maskarada,139030,2,13,30,2013,standalone,Rebel Sp. z o.o.,Polish,8,80,0.0
Memy,306671,3,15,30,2018,standalone,Kojar,English; Polish,8,80,0.0
Mezo,243797,2,4,120,2021,standalone,Portal Games,Polish,40,400,0.0
Miasto Szpiegów: Estoril 1942,169318,2,4,60,2016,standalone,Rebel Sp. z o.o.,Polish,14,140,0.0
MikroMakro: Na Tropie Zbrodni,318977,1,4,45,2021,standalone,Lucky Duck Games,Polish,14,140,0.0
Mistrz Słowa,122820,2,10,30,0,standalone,Alexander,Polish,8,80,0.0
Miszmasz! Gramy!,222887,2,6,10,2019,standalone,Rebel Sp. z o.o.,Polish,8,80,0.0
Mix Tura,287228,4,10,20,2021,standalone,Muduko; Rocket Lemon Games,Polish,8,80,0.0
Mob Town,142333,2,4,30,2016,standalone,Trefl Joker Line,Polish,8,80,0.0
Monopoly: Game of Thrones,265571,2,6,0,2018,standalone,,,17,170,0.0
Montana,233955,2,4,45,2018,standalone,Lacerta,Polish,17,170,0.0
Moustache Smash,165551,3,6,20,0,standalone,Spin Master Ltd.,Czech; Hungarian; Polish; Slovak,8,80,0.0
Mr. Jack,21763,2,2,30,2016,standalone,Hurrican,Bulgarian; Greek; Japanese; Polish,10,100,0.0
Mr. Jack: Extension,260303,2,2,30,2018,expansion,Hurrican,Dutch; English; French; German; Greek; Hungarian; Italian; Japanese; Polish; Portuguese; Romanian; Russian; Spanish,8,80,0.0
Mumia: Wyścig w bandażach,167185,2,6,30,2014,standalone,Egmont Polska,Polish,8,80,0.0
Munchkin Edycja 2012,1927,3,6,120,2012,standalone,Black Monk,Polish,11,110,0.0
Munchkin Impossible,22948,3,6,120,2006,standalone,Steve Jackson Games,English,9,90,0.0
Mur Hadriana,304783,1,6,60,2021,standalone,Garphill Games; Portal Games,Polish,18,180,0.0
Mysterium Park,301767,2,6,45,2020,standalone,Libellud; Rebel Sp. z o.o.,Polish,8,80,0.0
Mystic Vale: Essential Edition,308762,2,4,60,2021,standalone,Portal Games; Alderac Entertainment Group,Polish,37,370,0.0
Na końcu języka,67877,3,6,30,2017,standalone,Nasza Księgarnia,Polish,8,80,0.0
Na skrzydłach,266192,1,5,70,2019,standalone,Rebel Sp. z o.o.,Polish,20,200,0.0
Na skrzydłach: Ptaki Oceanii,300580,1,5,70,2020,expansion,Rebel Sp. z o.o.; Stonemaier Games,Polish,12,120,0.0
Naga Raja,244191,2,2,30,2019,standalone,Hurrican,English; Hungarian; Italian; Polish,11,110,0.0
Najeźdźcy z Północy,170042,2,4,80,2016,standalone,Games Factory Publishing,Polish,13,130,0.0
Najeźdźcy z Północy: Hala bohaterów,210163,2,5,80,2018,expansion,Games Factory,Polish,13,130,0.0
Najeźdźcy z Północy: Pola chwały,210164,2,5,80,2018,expansion,Games Factory,Polish,13,130,0.0
Najeźdźcy ze Scytii,301880,1,4,80,2021,standalone,Portal Games,Polish,17,170,0.0
Najlepsza gra o psach,295147,2,5,30,2021,standalone,FoxGames,Polish,8,80,0.0
Narcos: Gra Planszowa,253106,2,5,100,2019,standalone,CMON Global Limited; Portal Games,Polish,22,220,0.0
Naturalnie,300001,2,4,60,2021,standalone,Lacerta,Polish,21,210,0.0
Neuroshima Hex!: Rok Molocha,21241,1,4,30,2021,standalone,Portal Games,Polish,35,350,0.0
Neuroshima: Last Aurora,274450,1,4,90,2020,standalone,Pendragon Game Studio; Portal Games,Polish,19,190,0.0
Neuroshima: Last Aurora – Przebudzenie Molocha,294704,2,4,90,2020,expansion,Pendragon Game Studio; Portal Games,Polish,12,120,0.0
New Frontiers,255692,2,5,75,2020,standalone,Portal Games; Rio Grande Games,Polish,32,320,0.0
Nie Testowaliśmy Tego Również,159500,2,10,10,2016,standalone,Czacha Games,Polish,8,80,0.0
Nie Testowaliśmy Tego Wcale,157723,2,10,10,2016,standalone,Czacha Games,Polish,8,80,0.0
Niedźwiedzie vs bobasy,211534,2,5,20,2019,standalone,Rebel Sp. z o.o.,Polish,10,100,0.0
Niepożądani goście,188866,1,8,75,2021,standalone,Nasza Księgarnia,Polish,14,140,0.0
Nieustraszeni: Normandia,268864,2,2,60,2020,standalone,Ogry Games; Osprey Games,Polish,14,140,0.0
Nova Luna,284435,1,4,60,2020,standalone,Lucky Duck Games,Polish,12,120,0.0
Nowy wspaniały świat,271324,1,5,60,2020,standalone,FoxGames,Polish,17,170,0.0
Nowy wspaniały świat: Wojna albo pokój,298752,1,5,60,2020,expansion,FoxGames,Polish,9,90,0.0
O mój Zboże!,183840,2,4,30,2016,standalone,Lacerta,Polish,8,80,0.0
Obrazy Paryża,269160,2,4,60,2020,standalone,Czacha Games; Super Meeple,Polish,17,170,0.0
Odjechane Jednorożce,234190,2,8,45,2019,standalone,Rebel Sp. z o.o.,Polish,9,90,0.0
Odjechane Jednorożce: Bez cenzury,287952,2,8,45,2020,standalone,Rebel Sp. z o.o.,Polish,9,90,0.0
Odmęty grozy,340466,3,6,240,2021,standalone,Fantasy Flight Games; Rebel Sp. z o.o.,Polish,30,300,0.0
Odyseja,201557,1,6,30,2019,standalone,Lupo Art Games,Polish,10,100,0.0
Oriflamme,287084,3,5,30,2021,standalone,Galakta; Studio H,Polish,8,80,0.0
Osadnicy z Catanu,13,3,4,120,2011,standalone,Galakta,Polish,13,130,1.0
Osadnicy: Królestwa Północy,270844,1,4,90,2019,standalone,Portal Games,Polish,17,170,0.0
Osadnicy: Narodziny Imperium,154203,1,4,90,2014,standalone,Portal Games,Polish,14,140,0.0
Ostium,310641,1,3,40,2021,standalone,Lacerta,Polish,11,110,0.0
Owce na manowce,242523,2,4,20,2018,standalone,Trefl Joker Line,Polish,8,80,0.0
Paladins of the West Kingdom: City of Crowns,317980,1,4,120,2021,expansion,,,15,150,0.0
Paladyni Zachodniego Królestwa,266810,1,4,120,2019,standalone,Portal Games,Polish,19,190,0.0
Paleo,300531,1,4,60,2021,standalone,Lucky Duck Games,Polish,22,220,0.0
Pandemic,30549,2,4,45,2018,standalone,Rebel Sp. z o.o.; Z-Man Games,Polish,17,170,0.0
Pandemic: Czas Cthulhu,192153,2,4,40,2016,standalone,Lacerta; Z-Man Games,Polish,18,180,0.0
Pandemic: Gorąca Strefa Europa,329670,2,4,30,2021,standalone,Rebel Sp. z o.o.; Z-Man Games,Polish,8,80,0.0
Paperback,141572,2,5,45,2018,standalone,Baldar,Polish,11,110,0.0
Paranormalni Detektywi,280136,2,6,50,2020,standalone,Lucky Duck Games,Polish,10,100,0.0
Paris,282954,2,4,90,2020,standalone,Czacha Games,Polish,18,180,0.0
Park Niedźwiedzi,219513,2,4,45,2017,standalone,Lacerta,Polish,12,120,0.0
Park Sawanna,339484,1,4,40,2022,standalone,Deep Print Games; Portal Games,Polish,18,180,0.0
Park Smoków,301018,2,5,30,2021,standalone,Nasza Księgarnia,Polish,9,90,0.0
Party Time,43530,4,24,30,0,standalone,Albi,Polish,10,100,0.0
Paryż: Miasto Świateł,276498,2,2,30,2020,standalone,Devir; Lacerta,Polish,9,90,0.0
Patchwork,163412,2,2,30,2015,standalone,Lacerta; Lookout Games,Polish,9,90,0.0
Patchwork Doodle,264239,1,6,20,2019,standalone,Lacerta,Polish,8,80,0.0
Pax Pamir: Second Edition,256960,1,5,120,2019,standalone,,,37,370,0.0
Pechowa krowa,261262,3,6,25,2020,standalone,Muduko,Polish,8,80,0.0
Pędzące Ślimaki,194194,2,5,20,2016,standalone,Egmont Polska,Polish,8,80,0.0
Pharaon,282414,1,5,75,2020,standalone,Bard Centrum Gier; Blackrock Games; Catch Up Games; MINDOK,Czech; Polish,15,150,0.0
Pięć Klanów: Dżiny Naqali,157354,2,4,80,2016,standalone,Rebel Sp. z o.o.,Polish,10,100,0.0
Pięć Klanów: Kaprysy Sułtana,226828,2,5,90,2021,expansion,Rebel Sp. z o.o.,Polish,12,120,0.0
Pięć Klanów: Rzemieślnicy Naqali,176677,2,4,80,2021,expansion,Rebel Sp. z o.o.,Polish,10,100,0.0
Planeta,252929,2,4,45,2018,standalone,Rebel Sp. z o.o.,Polish,12,120,0.0
Pod wrogim niebem,306735,1,1,40,2021,standalone,Czech Games Edition; Rebel Sp. z o.o.,Polish,13,130,0.0
Podaj dalej!,46213,4,8,30,2016,standalone,Rebel Sp. z o.o.,Polish,12,120,0.0
Podaj hasło,226256,2,10,20,2018,standalone,Granna,Polish,8,80,0.0
Podwodne Miasta,247763,1,4,150,2019,standalone,Portal Games; Delicious Games,Polish,22,220,0.0
Pojedynek Superbohaterów DC,125678,2,5,45,2019,standalone,Egmont Polska,Polish,13,130,0.0
Pojedynek Superbohaterów DC: Batman Ninja,260844,2,5,60,2021,expansion,Cryptozoic Entertainment,Polish,8,80,0.0
Pola Zieleni,200954,2,4,45,2019,standalone,Artipia Games; Czacha Games,Polish,17,170,0.0
Pola Zieleni: Dożynki,245065,1,5,45,2019,expansion,Artipia Games; Czacha Games,Polish,10,100,0.0
Port Royal,156009,2,5,50,2020,standalone,Pegasus Spiele,English; German,8,80,0.0
Potwory do szafy,43578,1,6,10,2013,standalone,Granna; Le Scorpion Masqué,Polish,8,80,0.0
Pracownia Snów,231038,1,4,90,2020,standalone,Lacerta,Polish,23,230,0.0
Praga Caput Regni,308765,1,4,150,2021,standalone,Delicious Games; Portal Games,Polish,27,270,0.0
Prêt-à-Porter,87890,2,4,90,2019,standalone,Portal Games,Polish,23,230,0.0
Project L,260180,1,4,40,2021,standalone,Boardcubator; Rebel Sp. z o.o.,Czech; Hungarian; Polish; Slovak,14,140,0.0
Projekt: miasteczko,207370,1,4,60,2018,standalone,Trefl Joker Line,Polish,8,80,0.0
Przechlapane!,1383,2,6,10,2019,standalone,Rebel Sp. z o.o.,Polish,8,80,0.0
PtaKostki,245476,2,5,20,2018,standalone,hobbity.eu,Polish,8,80,0.0
Puerto Rico,108687,2,5,150,2016,standalone,Lacerta,Polish,19,190,0.0
Punto,259069,2,4,20,2019,standalone,Rebel Sp. z o.o.,Polish,8,80,0.0
The Quacks of Quedlinburg,244521,2,4,45,2018,standalone,,,16,160,0.0
Queendomino,232043,2,4,25,2019,standalone,FoxGames,Polish,12,120,0.0
Qwirkle,25669,2,4,45,2011,standalone,Compaya.hu: Gamer Café Kft.; Corfix; G3; Schmidt Spiele,Czech; Hungarian; Polish; Romanian; Slovak,12,120,0.0
Ragusa,253635,1,5,80,2021,standalone,Braincrack Games; Fishbone Games,Polish,18,180,0.0
Rakieta imprezowa,272240,3,15,30,2019,standalone,FoxGames,Polish,8,80,0.0
Reavers of Midgard,242684,2,4,120,2021,standalone,Portal Games,Polish,26,260,0.0
Red Rising,329465,1,6,60,2021,standalone,PHALANX; Stonemaier Games,Polish,16,160,0.0
Red7,161417,2,4,30,2015,standalone,Asmadi Games; Lucrum Games,Polish,8,80,0.0
Res Arcana,262712,2,4,60,2019,standalone,Rebel Sp. z o.o.; Sand Castle Games,Polish,13,130,0.0
Res Arcana: Lux et Tenebrae,288168,2,5,60,2019,expansion,,,8,80,0.0
Reykholt,241831,1,4,60,2018,standalone,Portal Games,Polish,20,200,0.0
Rialto,119591,2,5,45,2013,standalone,Rebel Sp. z o.o.,Polish,9,90,0.0
Rice Wars,36634,2,5,60,2008,standalone,Kuźnia Gier,English; German; Polish,9,90,0.0
Rising Sun,205896,3,5,120,2018,standalone,Portal Games,Polish,44,440,0.0
Rising Sun: Dynasty Invasion,223782,3,6,120,2018,expansion,,,25,250,0.0
Robinson Crusoe: Przygoda na przeklętej wyspie,121921,1,4,120,2014,standalone,Portal Games,Polish,20,200,0.0
Rocketmen,283387,1,4,90,2021,standalone,PHALANX,Polish,18,180,0.0
Root,237182,2,4,90,2019,standalone,Portal Games,Polish,21,210,0.0
Root: Plemiona Rzeczne,241386,1,6,90,2019,expansion,Portal Games,Polish,11,110,0.0
Root: Podziemia,272637,2,6,90,2021,expansion,Portal Games,Polish,18,180,0.0
Rory's Story Cubes: Podróże,115233,1,12,20,2014,standalone,The Creativity Hub; Rebel Sp. z o.o.,English; Polish,8,80,0.0
Rosyjskie Koleje,144733,2,4,120,2014,standalone,Bard Centrum Gier; MINDOK,Czech; Polish,18,180,0.0
Ryzyko: Game of Thrones – Szybkie Starcie,179719,2,7,240,2017,standalone,Winning Moves UK Ltd.,Polish,18,180,0.0
Rzuć na Tacę,244522,1,4,30,2019,standalone,G3,Polish,8,80,0.0
Sabotażysta,9220,3,10,30,2016,standalone,G3,Polish,8,80,0.0
Sabotażysta: Pojedynek,168215,1,2,30,2015,standalone,G3,Polish,8,80,0.0
Sagrada,199561,1,4,45,2018,standalone,FoxGames,Polish,19,190,0.0
Santa Monica,298065,2,4,40,2021,standalone,FoxGames,Polish,15,150,0.0
Santiago de Cuba,104347,2,4,75,2013,standalone,Lacerta,Polish,10,100,0.0
Sąsiedzi,246812,2,4,15,2020,standalone,Muduko,Polish,8,80,0.0
Scenariusz za Milion,304336,3,10,60,2021,standalone,Portal Games,Polish,8,80,0.0
Scrabble Deluxe Edition,320,2,4,90,2008,standalone,"Mattel, Inc.",Polish,13,130,0.0
Scythe,169786,1,5,115,2016,standalone,PHALANX,Polish,50,500,0.0
Scythe: Najeźdzcy z dalekich krain,199727,1,7,140,2017,expansion,PHALANX,Polish,10,100,0.0
Scythe: The Wind Gambit,223555,1,7,140,2017,expansion,,,10,100,0.0
Sen,236245,2,5,60,2017,standalone,Nasza Księgarnia,Polish,8,80,0.0
Serowa uczta,150978,2,4,20,2016,standalone,Trefl,Polish,8,80,0.0
Sherlook,217619,2,6,30,2018,standalone,Trefl Joker Line,Polish,8,80,0.0
Sid Meier's Civilization: Gra Planszowa,77130,2,4,240,2011,standalone,Galakta,Polish,22,220,0.0
Sid Meier's Civilization: Gra Planszowa – Sława i Bogactwo,108415,2,5,180,2012,expansion,Galakta,Polish,11,110,0.0
Sierra West,257066,1,4,60,2020,standalone,Lucrum Games,Polish,20,200,0.0
Skytopia: W Kręgu Czasu,284832,2,4,60,2022,standalone,Portal Games,Polish,14,140,0.0
Small World of Warcraft,309630,2,5,80,2020,standalone,Blizzard Entertainment; Days of Wonder,Polish,30,300,0.0
Smartphone Inc.,246684,1,5,90,2021,standalone,Portal Games,Polish,24,240,0.0
Smoki,39534,2,5,30,2020,standalone,Nasza Księgarnia,Polish,8,80,0.0
So Clover!,329839,3,6,30,2021,standalone,,,9,90,0.0
Solar City,248182,1,4,60,2020,standalone,IUVI Games,Polish,18,180,0.0
Solar City: Serce Miasta,321959,1,4,60,2020,expansion,IUVI Games,Polish,8,80,0.0
Solar City: Suburbia,321960,1,4,60,2020,expansion,IUVI Games,Polish,7,70,0.0
Solenia,254018,1,4,45,2019,standalone,Rebel Sp. z o.o.,Polish,15,150,0.0
Sons of Anarchy: Men of Mayhem,156091,3,4,90,2014,standalone,"Gale Force Nine, LLC",English,15,150,0.0
Space Hulk: Anioł Śmierci – Gra karciana,71721,1,6,60,2010,standalone,Galakta; Fantasy Flight Games; Games Workshop Ltd.,Polish,9,90,0.0
Spacer po Burano,257769,1,4,40,2020,standalone,Nasza Księgarnia,Polish,8,80,0.0
Spartakus: Krew i Zdrada,128671,3,4,180,2017,standalone,Games Factory Publishing,Polish,22,220,0.0
Spartakus: Węże i Wilk,134466,3,6,180,2017,expansion,Games Factory Publishing,Polish,11,110,0.0
Spartakus: Widmo Śmierci,164270,3,7,150,2017,expansion,Games Factory Publishing,Polish,11,110,0.0
Spektrum,262543,2,12,45,2021,standalone,Rebel Sp. z o.o.,Polish,13,130,0.0
Spirit Island,162886,1,4,120,2020,standalone,"Greater Than Games, LLC; Lacerta",Polish,36,360,0.0
Splendor,148228,2,4,30,2014,standalone,Rebel Sp. z o.o.,Polish,17,170,1.0
Splendor: Marvel,293296,2,4,30,2021,standalone,Rebel Sp. z o.o.,Polish,17,170,0.0
Splendor: Miasta,220653,2,4,30,2017,expansion,Rebel Sp. z o.o.,Polish,13,130,0.0
Star Realms,147020,2,2,20,2021,standalone,IUVI Games; Wise Wizard Games,Polish,8,80,0.0
Star Wars: Pałac Jabby,353470,2,6,20,2022,standalone,Z-Man Games,Polish,8,80,0.0
